book,chapter,verse,query,retry_applied,raw_hit_count_initial,raw_hit_count_final,has_result_initial,items_count_initial,organic_items_count_initial,has_result_final,items_count_final,organic_items_count_final,log10_raw_hit_count,z_log10_raw_hit_count,minmax_log10_raw_hit_count,fusion_score
Revelation,1,1,Revelation 1:1 bible,False,6580000,6580000,True,8,8,True,8,8,,,,
Revelation,1,2,Revelation 1:2 bible,False,11400000,11400000,True,9,8,True,9,8,,,,
Revelation,1,3,Revelation 1:3 bible,False,7520000,7520000,True,8,8,True,8,8,,,,
Revelation,1,4,Revelation 1:4 bible,False,5920000,5920000,True,8,8,True,8,8,,,,
Revelation,1,5,Revelation 1:5 bible,False,5560000,5560000,True,8,8,True,8,8,,,,
Revelation,1,6,Revelation 1:6 bible,False,5090000,5090000,True,8,8,True,8,8,,,,
Revelation,1,7,Revelation 1:7 bible,False,5210000,5210000,False,0,0,False,0,0,0.0,0.0,0.0,0.0
Revelation,1,8,Revelation 1:8 bible,False,5290000,5290000,True,8,7,True,8,7,,,,
Revelation,1,9,Revelation 1:9 bible,False,4630000,4630000,False,0,0,False,0,0,0.0,0.0,0.0,0.0
Revelation,1,10,Revelation 1:10 bible,False,4220000,4220000,False,0,0,False,0,0,0.0,0.0,0.0,0.0
Revelation,1,11,Revelation 1:11 bible,False,4150000,4150000,True,7,7,True,7,7,,,,
Revelation,1,12,Revelation 1:12 bible,False,4070000,4070000,True,8,8,True,8,8,,,,
Revelation,1,13,Revelation 1:13 bible,False,3740000,3740000,True,8,8,True,8,8,,,,
Revelation,1,14,Revelation 1:14 bible,False,3990000,3990000,True,8,7,True,8,7,,,,
Revelation,1,15,Revelation 1:15 bible,False,3490000,3490000,True,8,8,True,8,8,,,,
Revelation,1,16,Revelation 1:16 bible,False,3590000,3590000,True,8,8,True,8,8,,,,
Revelation,1,17,Revelation 1:17 bible,True,133,3430000,False,0,0,False,0,0,0.0,0.0,0.0,0.0
Revelation,1,18,Revelation 1:18 bible,False,3770000,3770000,True,9,9,True,9,9,,,,
Revelation,1,19,Revelation 1:19 bible,False,2610000,2610000,True,8,8,True,8,8,,,,
Revelation,1,20,Revelation 1:20 bible,False,3290000,3290000,True,8,8,True,8,8,,,,
Revelation,2,1,Revelation 2:1 bible,False,5110000,5110000,True,8,8,True,8,8,,,,
Revelation,2,2,Revelation 2:2 bible,False,3810000,3810000,True,8,8,True,8,8,,,,
Revelation,2,3,Revelation 2:3 bible,False,7100000,7100000,True,8,8,True,8,8,,,,
Revelation,2,4,Revelation 2:4 bible,False,4550000,4550000,True,7,7,True,7,7,,,,
Revelation,2,5,Revelation 2:5 bible,True,133,3810000,False,0,0,False,0,0,0.0,0.0,0.0,0.0
Revelation,2,6,Revelation 2:6 bible,False,3290000,3290000,True,8,8,True,8,8,,,,
Revelation,2,7,Revelation 2:7 bible,False,3070000,3070000,True,8,8,True,8,8,,,,
Revelation,2,8,Revelation 2:8 bible,False,3710000,3710000,True,8,8,True,8,8,,,,
Revelation,2,9,Revelation 2:9 bible,False,3920000,3920000,True,9,9,True,9,9,,,,
Revelation,2,10,Revelation 2:10 bible,False,3490000,3490000,True,7,7,True,7,7,,,,
Revelation,2,11,Revelation 2:11 bible,False,2910000,2910000,True,8,8,True,8,8,,,,
Revelation,2,12,Revelation 2:12 bible,True,137,2640000,False,0,0,False,0,0,0.0,0.0,0.0,0.0
Revelation,2,13,Revelation 2:13 bible,False,2830000,2830000,True,8,8,True,8,8,,,,
Revelation,2,14,Revelation 2:14 bible,False,2980000,2980000,True,8,8,True,8,8,,,,
Revelation,2,15,Revelation 2:15 bible,False,2840000,2840000,True,8,8,True,8,8,,,,
Revelation,2,16,Revelation 2:16 bible,False,1940000,1940000,True,8,8,True,8,8,,,,
Revelation,2,17,Revelation 2:17 bible,False,1970000,1970000,True,8,8,True,8,8,,,,
Revelation,2,18,Revelation 2:18 bible,False,1400000,1400000,True,8,8,True,8,8,,,,
Revelation,2,19,Revelation 2:19 bible,False,1670000,1670000,True,8,8,True,8,8,,,,
Revelation,2,20,Revelation 2:20 bible,False,2240000,2240000,True,9,9,True,9,9,,,,
Revelation,2,21,Revelation 2:21 bible,False,1180000,1180000,True,8,8,True,8,8,,,,
Revelation,2,22,Revelation 2:22 bible,False,1100000,1100000,True,8,8,True,8,8,,,,
Revelation,2,23,Revelation 2:23 bible,False,965000,965000,True,9,9,True,9,9,,,,
Revelation,2,24,Revelation 2:24 bible,False,1340000,1340000,True,9,8,True,9,8,,,,
Revelation,2,25,Revelation 2:25 bible,False,923000,923000,True,8,8,True,8,8,,,,
Revelation,2,26,Revelation 2:26 bible,False,695000,695000,False,0,0,False,0,0,0.0,0.0,0.0,0.0
Revelation,2,27,Revelation 2:27 bible,False,646000,646000,True,8,8,True,8,8,,,,
Revelation,2,28,Revelation 2:28 bible,False,769000,769000,True,9,9,True,9,9,,,,
Revelation,2,29,Revelation 2:29 bible,False,395000,395000,False,0,0,False,0,0,0.0,0.0,0.0,0.0
Revelation,3,1,Revelation 3:1 bible,False,5010000,5010000,True,8,8,True,8,8,,,,
Revelation,3,2,Revelation 3:2 bible,False,3290000,3290000,True,8,8,True,8,8,,,,
Revelation,3,3,Revelation 3:3 bible,False,3410000,3410000,True,8,8,True,8,8,,,,
Revelation,3,4,Revelation 3:4 bible,True,138,0,False,0,0,False,0,0,0.0,0.0,0.0,0.0
Revelation,3,5,Revelation 3:5 bible,False,5150000,5150000,True,8,8,True,8,8,,,,
Revelation,3,6,Revelation 3:6 bible,False,3620000,3620000,True,8,8,True,8,8,,,,
Revelation,3,7,Revelation 3:7 bible,False,3250000,3250000,True,9,9,True,9,9,,,,
Revelation,3,8,Revelation 3:8 bible,False,3690000,3690000,True,8,8,True,8,8,,,,
Revelation,3,9,Revelation 3:9 bible,False,3290000,3290000,True,8,8,True,8,8,,,,
Revelation,3,10,Revelation 3:10 bible,False,3210000,3210000,True,8,8,True,8,8,,,,
Revelation,3,11,Revelation 3:11 bible,False,2410000,2410000,True,8,8,True,8,8,,,,
Revelation,3,12,Revelation 3:12 bible,False,2440000,2440000,True,8,8,True,8,8,,,,
Revelation,3,13,Revelation 3:13 bible,False,2720000,2720000,True,8,8,True,8,8,,,,
Revelation,3,14,Revelation 3:14 bible,False,3920000,3920000,False,0,0,False,0,0,0.0,0.0,0.0,0.0
Revelation,3,15,Revelation 3:15 bible,False,3180000,3180000,False,0,0,False,0,0,0.0,0.0,0.0,0.0
Revelation,3,16,Revelation 3:16 bible,False,5140000,5140000,True,7,7,True,7,7,,,,
Revelation,3,17,Revelation 3:17 bible,False,2790000,2790000,False,0,0,False,0,0,0.0,0.0,0.0,0.0
Revelation,3,18,Revelation 3:18 bible,False,2360000,2360000,True,9,9,True,9,9,,,,
Revelation,3,19,Revelation 3:19 bible,False,2210000,2210000,True,8,8,True,8,8,,,,
Revelation,3,20,Revelation 3:20 bible,False,2570000,2570000,True,8,8,True,8,8,,,,
Revelation,3,21,Revelation 3:21 bible,False,1440000,1440000,True,9,9,True,9,9,,,,
Revelation,3,22,Revelation 3:22 bible,True,138,1500000,False,0,0,False,0,0,0.0,0.0,0.0,0.0
Revelation,4,1,Revelation 4:1 bible,False,4260000,4260000,True,8,8,True,8,8,,,,
Revelation,4,2,Revelation 4:2 bible,False,2840000,2840000,True,8,8,True,8,8,,,,
Revelation,4,3,Revelation 4:3 bible,False,2630000,2630000,True,8,8,True,8,8,,,,
Revelation,4,4,Revelation 4:4 bible,True,134,3520000,False,0,0,False,0,0,0.0,0.0,0.0,0.0
Revelation,4,5,Revelation 4:5 bible,False,5600000,5600000,True,8,8,True,8,8,,,,
Revelation,4,6,Revelation 4:6 bible,False,4900000,4900000,True,8,8,True,8,8,,,,
Revelation,4,7,Revelation 4:7 bible,False,3930000,3930000,True,8,8,True,8,8,,,,
Revelation,4,8,Revelation 4:8 bible,False,3800000,3800000,False,0,0,False,0,0,0.0,0.0,0.0,0.0
Revelation,4,9,Revelation 4:9 bible,False,2340000,2340000,False,0,0,False,0,0,0.0,0.0,0.0,0.0
Revelation,4,10,Revelation 4:10 bible,False,2520000,2520000,True,8,8,True,8,8,,,,
Revelation,4,11,Revelation 4:11 bible,False,3770000,3770000,True,6,6,True,6,6,,,,
Revelation,5,1,Revelation 5:1 bible,False,3980000,3980000,True,9,9,True,9,9,,,,
Revelation,5,2,Revelation 5:2 bible,False,2490000,2490000,True,8,8,True,8,8,,,,
Revelation,5,3,Revelation 5:3 bible,False,2280000,2280000,True,8,8,True,8,8,,,,
Revelation,5,4,Revelation 5:4 bible,False,2110000,2110000,False,0,0,False,0,0,0.0,0.0,0.0,0.0
Revelation,5,5,Revelation 5:5 bible,False,2430000,2430000,False,0,0,False,0,0,0.0,0.0,0.0,0.0
Revelation,5,6,Revelation 5:6 bible,False,5870000,5870000,True,7,7,True,7,7,,,,
Revelation,5,7,Revelation 5:7 bible,False,4020000,4020000,True,8,8,True,8,8,,,,
Revelation,5,8,Revelation 5:8 bible,False,4260000,4260000,True,9,9,True,9,9,,,,
Revelation,5,9,Revelation 5:9 bible,False,2650000,2650000,True,8,8,True,8,8,,,,
Revelation,5,10,Revelation 5:10 bible,False,3060000,3060000,False,0,0,False,0,0,0.0,0.0,0.0,0.0
Revelation,5,11,Revelation 5:11 bible,False,2420000,2420000,False,0,0,False,0,0,0.0,0.0,0.0,0.0
Revelation,5,12,Revelation 5:12 bible,False,2420000,2420000,True,8,8,True,8,8,,,,
Revelation,5,13,Revelation 5:13 bible,True,131,0,False,0,0,False,0,0,0.0,0.0,0.0,0.0
Revelation,5,14,Revelation 5:14 bible,False,2400000,2400000,True,8,8,True,8,8,,,,
Revelation,6,1,Revelation 6:1 bible,True,140,3600000,False,0,0,False,0,0,0.0,0.0,0.0,0.0
Revelation,6,2,Revelation 6:2 bible,False,2310000,2310000,True,9,9,True,9,9,,,,
Revelation,6,3,Revelation 6:3 bible,True,141,2240000,False,0,0,False,0,0,0.0,0.0,0.0,0.0
Revelation,6,4,Revelation 6:4 bible,False,2260000,2260000,True,8,8,True,8,8,,,,
Revelation,6,5,Revelation 6:5 bible,False,1960000,1960000,True,9,9,True,9,9,,,,
Revelation,6,6,Revelation 6:6 bible,False,2330000,2330000,True,8,8,True,8,8,,,,
Revelation,6,7,Revelation 6:7 bible,False,5480000,5480000,True,8,8,True,8,8,,,,
Revelation,6,8,Revelation 6:8 bible,False,4080000,4080000,True,8,8,True,8,8,,,,
Revelation,6,9,Revelation 6:9 bible,False,3770000,3770000,True,8,8,True,8,8,,,,
Revelation,6,10,Revelation 6:10 bible,False,3140000,3140000,True,8,8,True,8,8,,,,
Revelation,6,11,Revelation 6:11 bible,False,2320000,2320000,True,8,8,True,8,8,,,,
Revelation,6,12,Revelation 6:12 bible,False,2860000,2860000,True,8,8,True,8,8,,,,
Revelation,6,13,Revelation 6:13 bible,False,1290000,1290000,False,0,0,False,0,0,0.0,0.0,0.0,0.0
Revelation,6,14,Revelation 6:14 bible,False,2180000,2180000,True,9,9,True,9,9,,,,
Revelation,6,15,Revelation 6:15 bible,False,1100000,1100000,True,8,8,True,8,8,,,,
Revelation,6,16,Revelation 6:16 bible,False,1680000,1680000,False,0,0,False,0,0,0.0,0.0,0.0,0.0
Revelation,6,17,Revelation 6:17 bible,True,134,0,False,0,0,False,0,0,0.0,0.0,0.0,0.0
Revelation,7,1,Revelation 7:1 bible,True,134,3030000,False,0,0,False,0,0,0.0,0.0,0.0,0.0
Revelation,7,2,Revelation 7:2 bible,False,1130000,1130000,True,8,8,True,8,8,,,,
Revelation,7,3,Revelation 7:3 bible,True,133,0,False,0,0,False,0,0,0.0,0.0,0.0,0.0
Revelation,7,4,Revelation 7:4 bible,False,778000,778000,True,8,8,True,8,8,,,,
Revelation,7,5,Revelation 7:5 bible,True,135,773000,False,0,0,False,0,0,0.0,0.0,0.0,0.0
Revelation,7,6,Revelation 7:6 bible,False,991000,991000,True,9,9,True,9,9,,,,
Revelation,7,7,Revelation 7:7 bible,True,136,1770000,False,0,0,False,0,0,0.0,0.0,0.0,0.0
Revelation,7,8,Revelation 7:8 bible,True,133,0,False,0,0,False,0,0,0.0,0.0,0.0,0.0
Revelation,7,9,Revelation 7:9 bible,False,3790000,3790000,True,8,8,True,8,8,,,,
Revelation,7,10,Revelation 7:10 bible,True,136,0,False,0,0,False,0,0,0.0,0.0,0.0,0.0
Revelation,7,11,Revelation 7:11 bible,False,1940000,1940000,False,0,0,False,0,0,0.0,0.0,0.0,0.0
Revelation,7,12,Revelation 7:12 bible,False,1690000,1690000,True,8,8,True,8,8,,,,
Revelation,7,13,Revelation 7:13 bible,False,1550000,1550000,True,8,8,True,8,8,,,,
Revelation,7,14,Revelation 7:14 bible,False,2400000,2400000,True,8,8,True,8,8,,,,
Revelation,7,15,Revelation 7:15 bible,False,1120000,1120000,True,8,8,True,8,8,,,,
Revelation,7,16,Revelation 7:16 bible,False,802000,802000,True,8,8,True,8,8,,,,
Revelation,7,17,Revelation 7:17 bible,False,753000,753000,True,8,8,True,8,8,,,,
Revelation,8,1,Revelation 8:1 bible,False,3110000,3110000,True,7,7,True,7,7,,,,
Revelation,8,2,Revelation 8:2 bible,False,1320000,1320000,False,0,0,False,0,0,0.0,0.0,0.0,0.0
Revelation,8,3,Revelation 8:3 bible,False,1070000,1070000,True,9,9,True,9,9,,,,
Revelation,8,4,Revelation 8:4 bible,False,902000,902000,True,8,8,True,8,8,,,,
Revelation,8,5,Revelation 8:5 bible,False,997000,997000,True,9,9,True,9,9,,,,
Revelation,8,6,Revelation 8:6 bible,False,1110000,1110000,True,8,8,True,8,8,,,,
Revelation,8,7,Revelation 8:7 bible,False,945000,945000,True,8,8,True,8,8,,,,
Revelation,8,8,Revelation 8:8 bible,False,896000,896000,True,8,8,True,8,8,,,,
Revelation,8,9,Revelation 8:9 bible,False,5160000,5160000,True,8,8,True,8,8,,,,
Revelation,8,10,Revelation 8:10 bible,False,3480000,3480000,True,8,8,True,8,8,,,,
Revelation,8,11,Revelation 8:11 bible,False,2560000,2560000,False,0,0,False,0,0,0.0,0.0,0.0,0.0
Revelation,8,12,Revelation 8:12 bible,False,2320000,2320000,True,8,8,True,8,8,,,,
Revelation,8,13,Revelation 8:13 bible,False,1110000,1110000,True,8,8,True,8,8,,,,
Revelation,9,1,Revelation 9:1 bible,False,4470000,4470000,True,8,8,True,8,8,,,,
Revelation,9,2,Revelation 9:2 bible,False,3200000,3200000,True,8,8,True,8,8,,,,
Revelation,9,3,Revelation 9:3 bible,False,2840000,2840000,True,9,9,True,9,9,,,,
Revelation,9,4,Revelation 9:4 bible,False,2510000,2510000,True,8,8,True,8,8,,,,
Revelation,9,5,Revelation 9:5 bible,False,2470000,2470000,True,8,8,True,8,8,,,,
Revelation,9,6,Revelation 9:6 bible,False,3080000,3080000,True,9,9,True,9,9,,,,
Revelation,9,7,Revelation 9:7 bible,False,1730000,1730000,True,8,8,True,8,8,,,,
Revelation,9,8,Revelation 9:8 bible,False,1610000,1610000,False,0,0,False,0,0,0.0,0.0,0.0,0.0
Revelation,9,9,Revelation 9:9 bible,False,2310000,2310000,True,8,8,True,8,8,,,,
Revelation,9,10,Revelation 9:10 bible,False,5230000,5230000,False,0,0,False,0,0,0.0,0.0,0.0,0.0
Revelation,9,11,Revelation 9:11 bible,False,4200000,4200000,True,7,7,True,7,7,,,,
Revelation,9,12,Revelation 9:12 bible,False,1870000,1870000,True,8,8,True,8,8,,,,
Revelation,9,13,Revelation 9:13 bible,False,1860000,1860000,True,8,8,True,8,8,,,,
Revelation,9,14,Revelation 9:14 bible,False,1200000,1200000,True,9,9,True,9,9,,,,
Revelation,9,15,Revelation 9:15 bible,False,1090000,1090000,True,8,8,True,8,8,,,,
Revelation,9,16,Revelation 9:16 bible,False,855000,855000,True,8,8,True,8,8,,,,
Revelation,9,17,Revelation 9:17 bible,False,776000,776000,True,8,8,True,8,8,,,,
Revelation,9,18,Revelation 9:18 bible,False,673000,673000,True,9,9,True,9,9,,,,
Revelation,9,19,Revelation 9:19 bible,True,139,491000,False,0,0,False,0,0,0.0,0.0,0.0,0.0
Revelation,9,20,Revelation 9:20 bible,False,761000,761000,True,8,8,True,8,8,,,,
Revelation,9,21,Revelation 9:21 bible,False,590000,590000,True,9,9,True,9,9,,,,
Revelation,10,1,Revelation 10:1 bible,False,2630000,2630000,False,0,0,False,0,0,0.0,0.0,0.0,0.0
Revelation,10,2,Revelation 10:2 bible,True,128,0,False,0,0,False,0,0,0.0,0.0,0.0,0.0
Revelation,10,3,Revelation 10:3 bible,False,925000,925000,True,8,8,True,8,8,,,,
Revelation,10,4,Revelation 10:4 bible,False,1150000,1150000,True,8,8,True,8,8,,,,
Revelation,10,5,Revelation 10:5 bible,False,951000,951000,False,0,0,False,0,0,0.0,0.0,0.0,0.0
Revelation,10,6,Revelation 10:6 bible,False,752000,752000,True,9,9,True,9,9,,,,
Revelation,10,7,Revelation 10:7 bible,False,786000,786000,True,8,8,True,8,8,,,,
Revelation,10,8,Revelation 10:8 bible,False,825000,825000,True,8,8,True,8,8,,,,
Revelation,10,9,Revelation 10:9 bible,False,2150000,2150000,True,7,7,True,7,7,,,,
Revelation,10,10,Revelation 10:10 bible,False,2470000,2470000,True,8,8,True,8,8,,,,
Revelation,10,11,Revelation 10:11 bible,False,4490000,4490000,True,8,8,True,8,8,,,,
Revelation,11,1,Revelation 11:1 bible,False,3180000,3180000,True,8,8,True,8,8,,,,
Revelation,11,2,Revelation 11:2 bible,False,1400000,1400000,True,9,9,True,9,9,,,,
Revelation,11,3,Revelation 11:3 bible,False,1060000,1060000,True,9,9,True,9,9,,,,
Revelation,11,4,Revelation 11:4 bible,False,845000,845000,True,9,9,True,9,9,,,,
Revelation,11,5,Revelation 11:5 bible,False,779000,779000,True,9,9,True,9,9,,,,
Revelation,11,6,Revelation 11:6 bible,False,1200000,1200000,True,8,8,True,8,8,,,,
Revelation,11,7,Revelation 11:7 bible,False,730000,730000,False,0,0,False,0,0,0.0,0.0,0.0,0.0
Revelation,11,8,Revelation 11:8 bible,False,636000,636000,True,8,8,True,8,8,,,,
Revelation,11,9,Revelation 11:9 bible,False,718000,718000,True,8,8,True,8,8,,,,
Revelation,11,10,Revelation 11:10 bible,False,749000,749000,True,8,8,True,8,8,,,,
Revelation,11,11,Revelation 11:11 bible,False,945000,945000,True,8,8,True,8,8,,,,
Revelation,11,12,Revelation 11:12 bible,False,4520000,4520000,True,8,8,True,8,8,,,,
Revelation,11,13,Revelation 11:13 bible,True,133,2760000,False,0,0,False,0,0,0.0,0.0,0.0,0.0
Revelation,11,14,Revelation 11:14 bible,False,2320000,2320000,True,8,8,True,8,8,,,,
Revelation,11,15,Revelation 11:15 bible,False,2100000,2100000,False,0,0,False,0,0,0.0,0.0,0.0,0.0
Revelation,11,16,Revelation 11:16 bible,False,1100000,1100000,True,9,9,True,9,9,,,,
Revelation,11,17,Revelation 11:17 bible,False,920000,920000,True,8,8,True,8,8,,,,
Revelation,11,18,Revelation 11:18 bible,False,851000,851000,True,8,8,True,8,8,,,,
Revelation,11,19,Revelation 11:19 bible,False,809000,809000,True,9,9,True,9,9,,,,
Revelation,12,1,Revelation 12:1 bible,False,3870000,3870000,False,0,0,False,0,0,0.0,0.0,0.0,0.0
Revelation,12,2,Revelation 12:2 bible,False,3030000,3030000,True,8,8,True,8,8,,,,
Revelation,12,3,Revelation 12:3 bible,False,1470000,1470000,True,8,8,True,8,8,,,,
Revelation,12,4,Revelation 12:4 bible,False,1030000,1030000,True,7,7,True,7,7,,,,
Revelation,12,5,Revelation 12:5 bible,True,135,0,False,0,0,False,0,0,0.0,0.0,0.0,0.0
Revelation,12,6,Revelation 12:6 bible,False,953000,953000,True,8,8,True,8,8,,,,
Revelation,12,7,Revelation 12:7 bible,False,1300000,1300000,True,8,8,True,8,8,,,,
Revelation,12,8,Revelation 12:8 bible,False,715000,715000,True,8,8,True,8,8,,,,
Revelation,12,9,Revelation 12:9 bible,False,1650000,1650000,True,8,8,True,8,8,,,,
Revelation,12,10,Revelation 12:10 bible,False,1350000,1350000,True,8,8,True,8,8,,,,
Revelation,12,11,Revelation 12:11 bible,False,1450000,1450000,True,6,6,True,6,6,,,,
Revelation,12,12,Revelation 12:12 bible,False,1380000,1380000,True,7,7,True,7,7,,,,
Revelation,12,13,Revelation 12:13 bible,False,4460000,4460000,True,8,8,True,8,8,,,,
Revelation,12,14,Revelation 12:14 bible,False,3110000,3110000,True,8,8,True,8,8,,,,
Revelation,12,15,Revelation 12:15 bible,False,2330000,2330000,True,8,8,True,8,8,,,,
Revelation,12,16,Revelation 12:16 bible,False,1160000,1160000,True,9,9,True,9,9,,,,
Revelation,12,17,Revelation 12:17 bible,False,1270000,1270000,True,7,7,True,7,7,,,,
Revelation,12,18,Revelation 12:18 bible,False,866000,866000,True,7,7,True,7,7,,,,
Revelation,13,1,Revelation 13:1 bible,False,2610000,2610000,False,0,0,False,0,0,0.0,0.0,0.0,0.0
Revelation,13,2,Revelation 13:2 bible,False,1130000,1130000,True,9,9,True,9,9,,,,
Revelation,13,3,Revelation 13:3 bible,False,906000,906000,True,7,7,True,7,7,,,,
Revelation,13,4,Revelation 13:4 bible,False,1060000,1060000,False,0,0,False,0,0,0.0,0.0,0.0,0.0
Revelation,13,5,Revelation 13:5 bible,False,1250000,1250000,False,0,0,False,0,0,0.0,0.0,0.0,0.0
Revelation,13,6,Revelation 13:6 bible,False,673000,673000,True,9,9,True,9,9,,,,
Revelation,13,7,Revelation 13:7 bible,False,719000,719000,True,7,7,True,7,7,,,,
Revelation,13,8,Revelation 13:8 bible,False,1240000,1240000,True,8,8,True,8,8,,,,
Revelation,13,9,Revelation 13:9 bible,False,645000,645000,True,8,8,True,8,8,,,,
Revelation,13,10,Revelation 13:10 bible,False,731000,731000,False,0,0,False,0,0,0.0,0.0,0.0,0.0
Revelation,13,11,Revelation 13:11 bible,False,839000,839000,False,0,0,False,0,0,0.0,0.0,0.0,0.0
Revelation,13,12,Revelation 13:12 bible,False,777000,777000,True,9,9,True,9,9,,,,
Revelation,13,13,Revelation 13:13 bible,False,858000,858000,False,0,0,False,0,0,0.0,0.0,0.0,0.0
Revelation,13,14,Revelation 13:14 bible,False,4780000,4780000,False,0,0,False,0,0,0.0,0.0,0.0,0.0
Revelation,13,15,Revelation 13:15 bible,False,2570000,2570000,True,7,7,True,7,7,,,,
Revelation,13,16,Revelation 13:16 bible,False,2130000,2130000,True,7,7,True,7,7,,,,
Revelation,13,17,Revelation 13:17 bible,True,300,0,False,0,0,False,0,0,0.0,0.0,0.0,0.0
Revelation,13,18,Revelation 13:18 bible,False,1160000,1160000,False,0,0,False,0,0,0.0,0.0,0.0,0.0
Revelation,14,1,Revelation 14:1 bible,False,2570000,2570000,True,8,8,True,8,8,,,,
Revelation,14,2,Revelation 14:2 bible,False,1080000,1080000,True,8,8,True,8,8,,,,
Revelation,14,3,Revelation 14:3 bible,False,802000,802000,True,8,8,True,8,8,,,,
Revelation,14,4,Revelation 14:4 bible,True,138,737000,False,0,0,False,0,0,0.0,0.0,0.0,0.0
Revelation,14,5,Revelation 14:5 bible,False,641000,641000,True,8,8,True,8,8,,,,
Revelation,14,6,Revelation 14:6 bible,False,2450000,2450000,False,0,0,False,0,0,0.0,0.0,0.0,0.0
Revelation,14,7,Revelation 14:7 bible,False,683000,683000,False,0,0,False,0,0,0.0,0.0,0.0,0.0
Revelation,14,8,Revelation 14:8 bible,False,656000,656000,True,8,8,True,8,8,,,,
Revelation,14,9,Revelation 14:9 bible,True,140,759000,False,0,0,False,0,0,0.0,0.0,0.0,0.0
Revelation,14,10,Revelation 14:10 bible,False,672000,672000,True,9,9,True,9,9,,,,
Revelation,14,11,Revelation 14:11 bible,False,631000,631000,False,0,0,False,0,0,0.0,0.0,0.0,0.0
Revelation,14,12,Revelation 14:12 bible,False,1380000,1380000,False,0,0,False,0,0,0.0,0.0,0.0,0.0
Revelation,14,13,Revelation 14:13 bible,True,131,987000,False,0,0,False,0,0,0.0,0.0,0.0,0.0
Revelation,14,14,Revelation 14:14 bible,False,1070000,1070000,True,8,8,True,8,8,,,,
Revelation,14,15,Revelation 14:15 bible,False,4590000,4590000,True,8,8,True,8,8,,,,
Revelation,14,16,Revelation 14:16 bible,False,2930000,2930000,True,8,8,True,8,8,,,,
Revelation,14,17,Revelation 14:17 bible,False,1740000,1740000,True,9,9,True,9,9,,,,
Revelation,14,18,Revelation 14:18 bible,False,1050000,1050000,True,9,9,True,9,9,,,,
Revelation,14,19,Revelation 14:19 bible,False,829000,829000,False,0,0,False,0,0,0.0,0.0,0.0,0.0
Revelation,14,20,Revelation 14:20 bible,False,743000,743000,True,8,8,True,8,8,,,,
Revelation,15,1,Revelation 15:1 bible,False,2520000,2520000,True,8,8,True,8,8,,,,
Revelation,15,2,Revelation 15:2 bible,False,931000,931000,True,8,8,True,8,8,,,,
Revelation,15,3,Revelation 15:3 bible,False,1100000,1100000,True,8,8,True,8,8,,,,
Revelation,15,4,Revelation 15:4 bible,False,946000,946000,True,9,9,True,9,9,,,,
Revelation,15,5,Revelation 15:5 bible,False,943000,943000,True,8,8,True,8,8,,,,
Revelation,15,6,Revelation 15:6 bible,False,668000,668000,True,8,8,True,8,8,,,,
Revelation,15,7,Revelation 15:7 bible,False,796000,796000,False,0,0,False,0,0,0.0,0.0,0.0,0.0
Revelation,15,8,Revelation 15:8 bible,False,678000,678000,False,0,0,False,0,0,0.0,0.0,0.0,0.0
Revelation,16,1,Revelation 16:1 bible,False,1640000,1640000,True,8,8,True,8,8,,,,
Revelation,16,2,Revelation 16:2 bible,True,144,0,False,0,0,False,0,0,0.0,0.0,0.0,0.0
Revelation,16,3,Revelation 16:3 bible,True,142,794000,False,0,0,False,0,0,0.0,0.0,0.0,0.0
Revelation,16,4,Revelation 16:4 bible,False,652000,652000,True,9,9,True,9,9,,,,
Revelation,16,5,Revelation 16:5 bible,False,628000,628000,True,8,8,True,8,8,,,,
Revelation,16,6,Revelation 16:6 bible,False,654000,654000,True,9,9,True,9,9,,,,
Revelation,16,7,Revelation 16:7 bible,False,900000,900000,True,8,8,True,8,8,,,,
Revelation,16,8,Revelation 16:8 bible,False,713000,713000,False,0,0,False,0,0,0.0,0.0,0.0,0.0
Revelation,16,9,Revelation 16:9 bible,False,834000,834000,True,9,9,True,9,9,,,,
Revelation,16,10,Revelation 16:10 bible,False,678000,678000,False,0,0,False,0,0,0.0,0.0,0.0,0.0
Revelation,16,11,Revelation 16:11 bible,False,780000,780000,False,0,0,False,0,0,0.0,0.0,0.0,0.0
Revelation,16,12,Revelation 16:12 bible,True,135,0,False,0,0,False,0,0,0.0,0.0,0.0,0.0
Revelation,16,13,Revelation 16:13 bible,True,143,0,False,0,0,False,0,0,0.0,0.0,0.0,0.0
Revelation,16,14,Revelation 16:14 bible,False,745000,745000,True,9,9,True,9,9,,,,
Revelation,16,15,Revelation 16:15 bible,False,1110000,1110000,True,8,8,True,8,8,,,,
Revelation,16,16,Revelation 16:16 bible,False,1080000,1080000,True,7,7,True,7,7,,,,
Revelation,16,17,Revelation 16:17 bible,False,4890000,4890000,True,8,8,True,8,8,,,,
Revelation,16,18,Revelation 16:18 bible,True,137,3280000,False,0,0,False,0,0,0.0,0.0,0.0,0.0
Revelation,16,19,Revelation 16:19 bible,False,1880000,1880000,True,8,8,True,8,8,,,,
Revelation,16,20,Revelation 16:20 bible,False,1130000,1130000,False,0,0,False,0,0,0.0,0.0,0.0,0.0
Revelation,16,21,Revelation 16:21 bible,True,141,844000,False,0,0,False,0,0,0.0,0.0,0.0,0.0
Revelation,17,1,Revelation 17:1 bible,False,1710000,1710000,True,8,8,True,8,8,,,,
Revelation,17,2,Revelation 17:2 bible,False,861000,861000,True,9,9,True,9,9,,,,
Revelation,17,3,Revelation 17:3 bible,False,968000,968000,False,0,0,False,0,0,0.0,0.0,0.0,0.0
Revelation,17,4,Revelation 17:4 bible,False,643000,643000,True,8,8,True,8,8,,,,
Revelation,17,5,Revelation 17:5 bible,True,139,789000,False,0,0,False,0,0,0.0,0.0,0.0,0.0
Revelation,17,6,Revelation 17:6 bible,False,671000,671000,True,8,8,True,8,8,,,,
Revelation,17,7,Revelation 17:7 bible,False,664000,664000,False,0,0,False,0,0,0.0,0.0,0.0,0.0
Revelation,17,8,Revelation 17:8 bible,False,632000,632000,True,8,8,True,8,8,,,,
Revelation,17,9,Revelation 17:9 bible,False,687000,687000,True,9,9,True,9,9,,,,
Revelation,17,10,Revelation 17:10 bible,False,626000,626000,False,0,0,False,0,0,0.0,0.0,0.0,0.0
Revelation,17,11,Revelation 17:11 bible,False,825000,825000,True,8,8,True,8,8,,,,
Revelation,17,12,Revelation 17:12 bible,False,546000,546000,True,9,9,True,9,9,,,,
Revelation,17,13,Revelation 17:13 bible,False,391000,391000,False,0,0,False,0,0,0.0,0.0,0.0,0.0
Revelation,17,14,Revelation 17:14 bible,False,719000,719000,True,8,8,True,8,8,,,,
Revelation,17,15,Revelation 17:15 bible,False,645000,645000,False,0,0,False,0,0,0.0,0.0,0.0,0.0
Revelation,17,16,Revelation 17:16 bible,True,141,0,False,0,0,False,0,0,0.0,0.0,0.0,0.0
Revelation,17,17,Revelation 17:17 bible,True,133,874000,False,0,0,False,0,0,0.0,0.0,0.0,0.0
Revelation,17,18,Revelation 17:18 bible,False,3760000,3760000,True,7,7,True,7,7,,,,
Revelation,18,1,Revelation 18:1 bible,False,1690000,1690000,True,8,8,True,8,8,,,,
Revelation,18,2,Revelation 18:2 bible,True,166,0,False,0,0,False,0,0,0.0,0.0,0.0,0.0
Revelation,18,3,Revelation 18:3 bible,False,680000,680000,False,0,0,False,0,0,0.0,0.0,0.0,0.0
Revelation,18,4,Revelation 18:4 bible,False,749000,749000,True,8,8,True,8,8,,,,
Revelation,18,5,Revelation 18:5 bible,False,638000,638000,True,8,8,True,8,8,,,,
Revelation,18,6,Revelation 18:6 bible,False,571000,571000,True,8,8,True,8,8,,,,
Revelation,18,7,Revelation 18:7 bible,False,399000,399000,True,9,9,True,9,9,,,,
Revelation,18,8,Revelation 18:8 bible,False,572000,572000,True,8,8,True,8,8,,,,
Revelation,18,9,Revelation 18:9 bible,False,733000,733000,False,0,0,False,0,0,0.0,0.0,0.0,0.0
Revelation,18,10,Revelation 18:10 bible,False,741000,741000,True,8,8,True,8,8,,,,
Revelation,18,11,Revelation 18:11 bible,False,392000,392000,True,8,8,True,8,8,,,,
Revelation,18,12,Revelation 18:12 bible,False,609000,609000,True,9,9,True,9,9,,,,
Revelation,18,13,Revelation 18:13 bible,False,400000,400000,True,9,9,True,9,9,,,,
Revelation,18,14,Revelation 18:14 bible,False,401000,401000,True,9,9,True,9,9,,,,
Revelation,18,15,Revelation 18:15 bible,False,775000,775000,True,9,9,True,9,9,,,,
Revelation,18,16,Revelation 18:16 bible,False,447000,447000,True,9,9,True,9,9,,,,
Revelation,18,17,Revelation 18:17 bible,False,460000,460000,True,9,8,True,9,8,,,,
Revelation,18,18,Revelation 18:18 bible,False,756000,756000,True,8,8,True,8,8,,,,
Revelation,18,19,Revelation 18:19 bible,False,3920000,3920000,True,8,8,True,8,8,,,,
Revelation,18,20,Revelation 18:20 bible,False,2910000,2910000,True,9,9,True,9,9,,,,
Revelation,18,21,Revelation 18:21 bible,False,1590000,1590000,True,8,8,True,8,8,,,,
Revelation,18,22,Revelation 18:22 bible,False,929000,929000,True,8,8,True,8,8,,,,
Revelation,18,23,Revelation 18:23 bible,False,732000,732000,True,9,9,True,9,9,,,,
Revelation,18,24,Revelation 18:24 bible,False,686000,686000,True,8,8,True,8,8,,,,
Revelation,19,1,Revelation 19:1 bible,False,1640000,1640000,True,8,8,True,8,8,,,,
Revelation,19,2,Revelation 19:2 bible,False,782000,782000,True,9,9,True,9,9,,,,
Revelation,19,3,Revelation 19:3 bible,False,603000,603000,True,9,9,True,9,9,,,,
Revelation,19,4,Revelation 19:4 bible,False,663000,663000,True,8,8,True,8,8,,,,
Revelation,19,5,Revelation 19:5 bible,False,662000,662000,True,9,9,True,9,9,,,,
Revelation,19,6,Revelation 19:6 bible,False,645000,645000,True,9,9,True,9,9,,,,
Revelation,19,7,Revelation 19:7 bible,False,666000,666000,True,8,8,True,8,8,,,,
Revelation,19,8,Revelation 19:8 bible,False,557000,557000,True,9,9,True,9,9,,,,
Revelation,19,9,Revelation 19:9 bible,False,592000,592000,True,7,7,True,7,7,,,,
Revelation,19,10,Revelation 19:10 bible,False,777000,777000,True,8,8,True,8,8,,,,
Revelation,19,11,Revelation 19:11 bible,False,881000,881000,True,8,8,True,8,8,,,,
Revelation,19,12,Revelation 19:12 bible,True,139,563000,False,0,0,False,0,0,0.0,0.0,0.0,0.0
Revelation,19,13,Revelation 19:13 bible,False,571000,571000,True,8,8,True,8,8,,,,
Revelation,19,14,Revelation 19:14 bible,False,649000,649000,True,8,8,True,8,8,,,,
Revelation,19,15,Revelation 19:15 bible,False,513000,513000,False,0,0,False,0,0,0.0,0.0,0.0,0.0
Revelation,19,16,Revelation 19:16 bible,False,847000,847000,False,0,0,False,0,0,0.0,0.0,0.0,0.0
Revelation,19,17,Revelation 19:17 bible,False,635000,635000,True,8,8,True,8,8,,,,
Revelation,19,18,Revelation 19:18 bible,False,627000,627000,False,0,0,False,0,0,0.0,0.0,0.0,0.0
Revelation,19,19,Revelation 19:19 bible,False,620000,620000,True,8,8,True,8,8,,,,
Revelation,19,20,Revelation 19:20 bible,False,4110000,4110000,True,8,8,True,8,8,,,,
Revelation,19,21,Revelation 19:21 bible,False,2280000,2280000,True,8,8,True,8,8,,,,
Revelation,20,1,Revelation 20:1 bible,True,123,1660000,False,0,0,False,0,0,0.0,0.0,0.0,0.0
Revelation,20,2,Revelation 20:2 bible,False,815000,815000,True,9,9,True,9,9,,,,
Revelation,20,3,Revelation 20:3 bible,False,717000,717000,True,8,8,True,8,8,,,,
Revelation,20,4,Revelation 20:4 bible,True,135,795000,False,0,0,False,0,0,0.0,0.0,0.0,0.0
Revelation,20,5,Revelation 20:5 bible,False,613000,613000,True,8,8,True,8,8,,,,
Revelation,20,6,Revelation 20:6 bible,False,639000,639000,False,0,0,False,0,0,0.0,0.0,0.0,0.0
Revelation,20,7,Revelation 20:7 bible,True,135,802000,False,0,0,False,0,0,0.0,0.0,0.0,0.0
Revelation,20,8,Revelation 20:8 bible,False,599000,599000,True,8,8,True,8,8,,,,
Revelation,20,9,Revelation 20:9 bible,False,432000,432000,False,0,0,False,0,0,0.0,0.0,0.0,0.0
Revelation,20,10,Revelation 20:10 bible,False,657000,657000,True,9,9,True,9,9,,,,
Revelation,20,11,Revelation 20:11 bible,False,702000,702000,True,8,8,True,8,8,,,,
Revelation,20,12,Revelation 20:12 bible,False,712000,712000,False,0,0,False,0,0,0.0,0.0,0.0,0.0
Revelation,20,13,Revelation 20:13 bible,False,416000,416000,False,0,0,False,0,0,0.0,0.0,0.0,0.0
Revelation,20,14,Revelation 20:14 bible,False,439000,439000,True,8,7,True,8,7,,,,
Revelation,20,15,Revelation 20:15 bible,False,747000,747000,True,7,7,True,7,7,,,,
Revelation,21,1,Revelation 21:1 bible,False,1880000,1880000,False,0,0,False,0,0,0.0,0.0,0.0,0.0
Revelation,21,2,Revelation 21:2 bible,False,789000,789000,True,8,8,True,8,8,,,,
Revelation,21,3,Revelation 21:3 bible,False,714000,714000,False,0,0,False,0,0,0.0,0.0,0.0,0.0
Revelation,21,4,Revelation 21:4 bible,False,1230000,1230000,True,7,7,True,7,7,,,,
Revelation,21,5,Revelation 21:5 bible,False,709000,709000,True,8,8,True,8,8,,,,
Revelation,21,6,Revelation 21:6 bible,False,597000,597000,True,8,8,True,8,8,,,,
Revelation,21,7,Revelation 21:7 bible,False,424000,424000,True,7,7,True,7,7,,,,
Revelation,21,8,Revelation 21:8 bible,False,762000,762000,True,8,8,True,8,8,,,,
Revelation,21,9,Revelation 21:9 bible,False,498000,498000,True,8,8,True,8,8,,,,
Revelation,21,10,Revelation 21:10 bible,True,142,398000,False,0,0,False,0,0,0.0,0.0,0.0,0.0
Revelation,21,11,Revelation 21:11 bible,False,389000,389000,True,9,9,True,9,9,,,,
Revelation,21,12,Revelation 21:12 bible,False,424000,424000,True,9,9,True,9,9,,,,
Revelation,21,13,Revelation 21:13 bible,False,387000,387000,False,0,0,False,0,0,0.0,0.0,0.0,0.0
Revelation,21,14,Revelation 21:14 bible,False,387000,387000,True,8,8,True,8,8,,,,
Revelation,21,15,Revelation 21:15 bible,False,560000,560000,True,9,9,True,9,9,,,,
Revelation,21,16,Revelation 21:16 bible,True,68,388000,False,0,0,False,0,0,0.0,0.0,0.0,0.0
Revelation,21,17,Revelation 21:17 bible,False,392000,392000,True,8,8,True,8,8,,,,
Revelation,21,18,Revelation 21:18 bible,False,389000,389000,True,9,9,True,9,9,,,,
Revelation,21,19,Revelation 21:19 bible,False,391000,391000,True,8,8,True,8,8,,,,
Revelation,21,20,Revelation 21:20 bible,False,438000,438000,True,8,8,True,8,8,,,,
Revelation,21,21,Revelation 21:21 bible,False,443000,443000,True,9,9,True,9,9,,,,
Revelation,21,22,Revelation 21:22 bible,False,3360000,3360000,True,7,7,True,7,7,,,,
Revelation,21,23,Revelation 21:23 bible,False,2040000,2040000,True,8,8,True,8,8,,,,
Revelation,21,24,Revelation 21:24 bible,False,825000,825000,True,9,9,True,9,9,,,,
Revelation,21,25,Revelation 21:25 bible,False,794000,794000,True,9,9,True,9,9,,,,
Revelation,21,26,Revelation 21:26 bible,False,539000,539000,True,8,8,True,8,8,,,,
Revelation,21,27,Revelation 21:27 bible,False,622000,622000,True,8,8,True,8,8,,,,
Revelation,22,1,Revelation 22:1 bible,False,1090000,1090000,False,0,0,False,0,0,0.0,0.0,0.0,0.0
Revelation,22,2,Revelation 22:2 bible,False,748000,748000,True,8,8,True,8,8,,,,
Revelation,22,3,Revelation 22:3 bible,False,713000,713000,True,8,8,True,8,8,,,,
Revelation,22,4,Revelation 22:4 bible,True,142,466000,False,0,0,False,0,0,0.0,0.0,0.0,0.0
Revelation,22,5,Revelation 22:5 bible,False,549000,549000,False,0,0,False,0,0,0.0,0.0,0.0,0.0
Revelation,22,6,Revelation 22:6 bible,False,677000,677000,False,0,0,False,0,0,0.0,0.0,0.0,0.0
Revelation,22,7,Revelation 22:7 bible,False,505000,505000,False,0,0,False,0,0,0.0,0.0,0.0,0.0
Revelation,22,8,Revelation 22:8 bible,False,391000,391000,True,8,8,True,8,8,,,,
Revelation,22,9,Revelation 22:9 bible,False,388000,388000,True,9,9,True,9,9,,,,
Revelation,22,10,Revelation 22:10 bible,False,388000,388000,True,9,9,True,9,9,,,,
Revelation,22,11,Revelation 22:11 bible,False,391000,391000,True,8,8,True,8,8,,,,
Revelation,22,12,Revelation 22:12 bible,False,645000,645000,False,0,0,False,0,0,0.0,0.0,0.0,0.0
Revelation,22,13,Revelation 22:13 bible,False,678000,678000,True,7,7,True,7,7,,,,
Revelation,22,14,Revelation 22:14 bible,False,646000,646000,True,8,8,True,8,8,,,,
Revelation,22,15,Revelation 22:15 bible,False,404000,404000,True,8,8,True,8,8,,,,
Revelation,22,16,Revelation 22:16 bible,False,654000,654000,True,8,8,True,8,8,,,,
Revelation,22,17,Revelation 22:17 bible,True,126,621000,False,0,0,False,0,0,0.0,0.0,0.0,0.0
Revelation,22,18,Revelation 22:18 bible,False,632000,632000,True,8,8,True,8,8,,,,
Revelation,22,19,Revelation 22:19 bible,False,564000,564000,False,0,0,False,0,0,0.0,0.0,0.0,0.0
Revelation,22,20,Revelation 22:20 bible,False,613000,613000,True,8,8,True,8,8,,,,
Revelation,22,21,Revelation 22:21 bible,False,582000,582000,True,8,8,True,8,8,,,,
